model,participant_id,eit_version,filename,sentence_num,stimulus,raw_transcript,clean_transcript
small,038010,2A,038010_EIT-2A.mp3,1,Quiero cortarme el pelo,Quiero cortarme el pelo.,Quiero cortarme el pelo
small,038010,2A,038010_EIT-2A.mp3,2,El libro está en la mesa,El libro está en la mesa. El libro está en la mesa.,El libro está en la mesa. El libro está en la mesa
small,038010,2A,038010_EIT-2A.mp3,3,El carro lo tiene Pedro,El caro lo tiene pelo. El se duche cada mañana.,El caro lo tiene pelo. El se duche cada mañana
small,038010,2A,038010_EIT-2A.mp3,4,El se ducha cada mañana,El se duche cada mañana.,El se duche cada mañana
small,038010,2A,038010_EIT-2A.mp3,5,¿Qué dice usted que va a hacer hoy?,¿Qué dices a ustedes que va a hacer hoy? todo lo que sepa manejar muy bien,¿Qué dices a ustedes que va a hacer hoy? todo lo que sepa manejar muy bien
small,038010,2A,038010_EIT-2A.mp3,6,Dudo que sepa manejar muy bien,las calles de esta ciudad son muy hantas,Las calles de esta ciudad son muy hantas
small,038010,2A,038010_EIT-2A.mp3,7,Las calles de esta ciudad son muy anchas,puede que lleve mañana todo el día,Puede que lleve mañana todo el día
small,038010,2A,038010_EIT-2A.mp3,8,Puede que llueva mañana todo el día,las casas son muy bonitas pero caras,Las casas son muy bonitas pero caras
small,038010,2A,038010_EIT-2A.mp3,9,Las casas son muy bonitas pero caras,Me gustan las películas que acaban bien.,Me gustan las películas que acaban bien
small,038010,2A,038010_EIT-2A.mp3,10,Me gustan las películas que acaban bien,El chico con el que yo salgo es español.,El chico con el que yo salgo es español
small,038010,2A,038010_EIT-2A.mp3,11,El chico con el que yo salgo es español,El chico que hago es español.,El chico que hago es español
small,038010,2A,038010_EIT-2A.mp3,12,Después de cenar me fui a dormir tranquilo,Después de cenar me fui a dormir tranquilo.,Después de cenar me fui a dormir tranquilo
small,038010,2A,038010_EIT-2A.mp3,13,Quiero una casa en la que vivan mis animales,Quiero una casa en la que viven animales.,Quiero una casa en la que viven animales
small,038010,2A,038010_EIT-2A.mp3,14,A nosotros nos fascinan las fiestas grandiosas,a nosotros,A nosotros
small,038010,2A,038010_EIT-2A.mp3,15,Ella sólo bebe cerveza y no come nada,ella solo bebe cerveza y no come nada,Ella solo bebe cerveza y no come nada
small,038010,2A,038010_EIT-2A.mp3,16,Me gustaría que el precio de las casas bajara,me gustaría,Me gustaría
small,038010,2A,038010_EIT-2A.mp3,17,Cruza a la derecha y después sigue todo recto,y luego sigue todo recto cursa a la derecha y después sigue recto ella ha terminado de pintar su apartamento ella termina pintar su apartamento,Y luego sigue todo recto cursa a la derecha y después sigue recto ella ha terminado de pintar su apartamento ella termina pintar su apartamento
small,038010,2A,038010_EIT-2A.mp3,18,Ella ha terminado de pintar su apartamento,"El niño que se murió el gato, triste. una amiga mía cuidado los niños","El niño que se murió el gato, triste. una amiga mía cuidado los niños"
small,038010,2A,038010_EIT-2A.mp3,19,Me gustaría que empezara a hacer más calor pronto,El gato que era negro.,El gato que era negro
small,038010,2A,038010_EIT-2A.mp3,20,El niño al que se le murió el gato está triste,Antes de poder salir tiene que limpiar su corto. La cantidad de personas que fuman... La cantidad de personas que fuman...,Antes de poder salir tiene que limpiar su corto. La cantidad de personas que fuman... La cantidad de personas que fuman
small,038010,2A,038010_EIT-2A.mp3,21,Una amiga mía cuida a los niños de mi vecino,Después de llegar a casa...,Después de llegar a casa
small,038010,2A,038010_EIT-2A.mp3,22,El gato que era negro fue perseguido por el perro,El ladrón policía era famoso.,El ladrón policía era famoso
small,038010,2A,038010_EIT-2A.mp3,23,Antes de poder salir él tiene que limpiar su cuarto,le pedí a un amigo que me ayudara con la tarea,Le pedí a un amigo que me ayudara con la tarea
small,038010,2A,038010_EIT-2A.mp3,24,La cantidad de personas que fuman ha disminuido,le pedí a un amigo que ayudara la tarea ¿Examen no fue tan difícil como me habían dicho?,Le pedí a un amigo que ayudara la tarea ¿Examen no fue tan difícil como me habían dicho?
small,038010,2A,038010_EIT-2A.mp3,25,Después de llegar a casa del trabajo tomé la cena,¿Examen no tan difícil?,¿Examen no tan difícil?
small,038010,2A,038010_EIT-2A.mp3,26,El ladrón al que atrapó la policía era famoso,¿Seguí esta la madre de darme el libro que está en la mesa?,¿Seguí esta la madre de darme el libro que está en la mesa?
small,038010,2A,038010_EIT-2A.mp3,27,Le pedí a un amigo que me ayudara con la tarea,Amable que está el libro que está en la mesa.,Amable que está el libro que está en la mesa
small,038010,2A,038010_EIT-2A.mp3,28,El examen no fue tan difícil como me habían dicho,Hay mucha gente que no toma nada para desayuno.,Hay mucha gente que no toma nada para desayuno
small,038010,2A,038010_EIT-2A.mp3,29,¿Serías tan amable de darme el libro que está en la mesa?,Hay mucha gente que no toma nada para desayuno.,Hay mucha gente que no toma nada para desayuno
small,038010,2A,038010_EIT-2A.mp3,30,Hay mucha gente que no toma nada para el desayuno,"Après el возlude delpture, se contagió la","Après el возlude delpture, se contagió la"
small,038011,1A,038011_EIT-1A.mp3,1,Quiero cortarme el pelo,Quiero cortarme el pelo.,Quiero cortarme el pelo
small,038011,1A,038011_EIT-1A.mp3,2,El libro está en la mesa,El libro está en la mesa.,El libro está en la mesa
small,038011,1A,038011_EIT-1A.mp3,3,El carro lo tiene Pedro,El carro no tiene pelo. El seducha cada mañana.,El carro no tiene pelo. El seducha cada mañana
small,038011,1A,038011_EIT-1A.mp3,4,El se ducha cada mañana,¿Qué dice usted que va a hacer hoy? ¿Qué dice usted en qué base hoy?,¿Qué dice usted que va a hacer hoy? ¿Qué dice usted en qué base hoy?
small,038011,1A,038011_EIT-1A.mp3,5,¿Qué dice usted que va a hacer hoy?,Tuvo que se manejar bien. Las calles de esta ciudad son muy hinchas.,Tuvo que se manejar bien. Las calles de esta ciudad son muy hinchas
small,038011,1A,038011_EIT-1A.mp3,6,Dudo que sepa manejar muy bien,Las calles en salud son muchas años.,Las calles en salud son muchas años
small,038011,1A,038011_EIT-1A.mp3,7,Las calles de esta ciudad son muy anchas,Puede que llevan mañana todo el día.,Puede que llevan mañana todo el día
small,038011,1A,038011_EIT-1A.mp3,8,Puede que llueva mañana todo el día,Las casas son muy bonitas pero caras.,Las casas son muy bonitas pero caras
small,038011,1A,038011_EIT-1A.mp3,9,Las casas son muy bonitas pero caras,Me gustan las películas que acaban bien.,Me gustan las películas que acaban bien
small,038011,1A,038011_EIT-1A.mp3,10,Me gustan las películas que acaban bien,El chico conectivo salgo es español.,El chico conectivo salgo es español
small,038011,1A,038011_EIT-1A.mp3,11,El chico con el que yo salgo es español,El chico conectivo salgo está bien.,El chico conectivo salgo está bien
small,038011,1A,038011_EIT-1A.mp3,12,Después de cenar me fui a dormir tranquilo,Después de cenar me fui a poner tranquilo.,Después de cenar me fui a poner tranquilo
small,038011,1A,038011_EIT-1A.mp3,13,Quiero una casa en la que vivan mis animales,Quiero una casa que viven a mis animales.,Quiero una casa que viven a mis animales
small,038011,1A,038011_EIT-1A.mp3,14,A nosotros nos fascinan las fiestas grandiosas,A nosotros que los visas...,A nosotros que los visas
small,038011,1A,038011_EIT-1A.mp3,15,Ella sólo bebe cerveza y no come nada,Ella suele cerveza y como... Me gustaría que el precio de las casas van a ser...,Ella suele cerveza y como... Me gustaría que el precio de las casas van a ser
small,038011,1A,038011_EIT-1A.mp3,16,Me gustaría que el precio de las casas bajara,Me gustaría los precios de los caras van a dar...,Me gustaría los precios de los caras van a dar
small,038011,1A,038011_EIT-1A.mp3,17,Cruza a la derecha y después sigue todo recto,Cruza a la derecha y siga derecho. Terecho Ella ha terminado los apartamientos,Cruza a la derecha y siga derecho. Terecho Ella ha terminado los apartamientos
small,038011,1A,038011_EIT-1A.mp3,18,Ella ha terminado de pintar su apartamento,Me gustaría las hacer pronto,Me gustaría las hacer pronto
small,038011,1A,038011_EIT-1A.mp3,19,Me gustaría que empezara a hacer más calor pronto,El niño al que se le murió el gato está triste.,El niño al que se le murió el gato está triste
small,038011,1A,038011_EIT-1A.mp3,20,El niño al que se le murió el gato está triste,Una amiga bien cuidaba a los niños sin el cine.,Una amiga bien cuidaba a los niños sin el cine
small,038011,1A,038011_EIT-1A.mp3,21,Una amiga mía cuida a los niños de mi vecino,Una amiga bien cuidar los niños a mi vecino.,Una amiga bien cuidar los niños a mi vecino
small,038011,1A,038011_EIT-1A.mp3,22,El gato que era negro fue perseguido por el perro,El gato era negro y el perro.,El gato era negro y el perro
small,038011,1A,038011_EIT-1A.mp3,23,Antes de poder salir él tiene que limpiar su cuarto,¿Puede salir si él tiene que limpar su cuarto?,¿Puede salir si él tiene que limpar su cuarto?
small,038011,1A,038011_EIT-1A.mp3,24,La cantidad de personas que fuman ha disminuido,Antes de que salier...,Antes de que salier
small,038011,1A,038011_EIT-1A.mp3,25,Después de llegar a casa del trabajo tomé la cena,Puede... cuarto? ¿La cantidad de personas que fuman cada disminuido?,Puede... cuarto? ¿La cantidad de personas que fuman cada disminuido?
small,038011,1A,038011_EIT-1A.mp3,26,El ladrón al que atrapó la policía era famoso,La cantidad de las personas fuman que me he salido.,La cantidad de las personas fuman que me he salido
small,038011,1A,038011_EIT-1A.mp3,27,Le pedí a un amigo que me ayudara con la tarea,"Después de llegar a la casa, fui a la cena.","Después de llegar a la casa, fui a la cena"
small,038011,1A,038011_EIT-1A.mp3,28,El examen no fue tan difícil como me habían dicho,"Perdón a la policía, eran famoso.","Perdón a la policía, eran famoso"
small,038011,1A,038011_EIT-1A.mp3,29,¿Serías tan amable de darme el libro que está en la mesa?,Le pedí a un amigo que ayudar con mi tarea.,Le pedí a un amigo que ayudar con mi tarea
small,038011,1A,038011_EIT-1A.mp3,30,Hay mucha gente que no toma nada para el desayuno,Hay mucha gente que no toma el desayuno.,Hay mucha gente que no toma el desayuno
small,038012,2A,038012_EIT-2A.mp3,1,Quiero cortarme el pelo,quiero cortar el velo El libro está en la mesa. El libro está en la mesa.,Quiero cortar el velo El libro está en la mesa. El libro está en la mesa
small,038012,2A,038012_EIT-2A.mp3,2,El libro está en la mesa,El carro lo tiene pelo.,El carro lo tiene pelo
small,038012,2A,038012_EIT-2A.mp3,3,El carro lo tiene Pedro,El seduche cara mañana.,El seduche cara mañana
small,038012,2A,038012_EIT-2A.mp3,4,El se ducha cada mañana,Los callas tanto.,Los callas tanto
small,038012,2A,038012_EIT-2A.mp3,5,¿Qué dice usted que va a hacer hoy?,El pueblo y el que se que ella calla.,El pueblo y el que se que ella calla
small,038012,2A,038012_EIT-2A.mp3,6,Dudo que sepa manejar muy bien,Las casas son bonitas pero caras.,Las casas son bonitas pero caras
small,038012,2A,038012_EIT-2A.mp3,7,Las calles de esta ciudad son muy anchas,me gustan las paliquolas pecar bien,Me gustan las paliquolas pecar bien
small,038012,2A,038012_EIT-2A.mp3,8,Puede que llueva mañana todo el día,el chico es un bonalio es baño,El chico es un bonalio es baño
small,038012,2A,038012_EIT-2A.mp3,9,Las casas son muy bonitas pero caras,"Después de llegar a dormir, quiero la casa estar a mi animales.","Después de llegar a dormir, quiero la casa estar a mi animales"
small,038012,2A,038012_EIT-2A.mp3,10,Me gustan las películas que acaban bien,a nosotros asesinados a los nosotros.,A nosotros asesinados a los nosotros
small,038012,2A,038012_EIT-2A.mp3,11,El chico con el que yo salgo es español,Es el conversino de los de razón.,Es el conversino de los de razón
small,038012,2A,038012_EIT-2A.mp3,12,Después de cenar me fui a dormir tranquilo,me gustaría que los precios bestas ya.,Me gustaría que los precios bestas ya
small,038012,2A,038012_EIT-2A.mp3,13,Quiero una casa en la que vivan mis animales,Cruzar a la derecha.,Cruzar a la derecha
small,038012,2A,038012_EIT-2A.mp3,14,A nosotros nos fascinan las fiestas grandiosas,"G Brush, como me llam yapıyorsun de un억 Gustaria pronto.","G Brush, como me llam yapıyorsun de un억 Gustaria pronto"
small,038012,2A,038012_EIT-2A.mp3,15,Ella sólo bebe cerveza y no come nada,"El niño, el niño sirio gato es tan muy triste.","El niño, el niño sirio gato es tan muy triste"
small,038012,2A,038012_EIT-2A.mp3,16,Me gustaría que el precio de las casas bajara,"Una amiga en Picalo, en mi vecino.","Una amiga en Picalo, en mi vecino"
small,038012,2A,038012_EIT-2A.mp3,17,Cruza a la derecha y después sigue todo recto,El gato tiene negro y el lapero que se limpia tu cuarto.,El gato tiene negro y el lapero que se limpia tu cuarto
small,038012,2A,038012_EIT-2A.mp3,18,Ella ha terminado de pintar su apartamento,la campanada que tienen la Porceli,La campanada que tienen la Porceli
small,038012,2A,038012_EIT-2A.mp3,19,Me gustaría que empezara a hacer más calor pronto,"después ya llegaron a mi casa, voy a la cena","Después ya llegaron a mi casa, voy a la cena"
small,038012,2A,038012_EIT-2A.mp3,20,El niño al que se le murió el gato está triste,"», es que está viendo aquí. Esa es la❗ de Libro ...cke narrar la mesa ... hay mucho ejemplo pero...","», es que está viendo aquí. Esa es la❗ de Libro ...cke narrar la mesa ... hay mucho ejemplo pero"
small,038012,2A,038012_EIT-2A.mp3,21,Una amiga mía cuida a los niños de mi vecino,,
small,038012,2A,038012_EIT-2A.mp3,22,El gato que era negro fue perseguido por el perro,,
small,038012,2A,038012_EIT-2A.mp3,23,Antes de poder salir él tiene que limpiar su cuarto,,
small,038012,2A,038012_EIT-2A.mp3,24,La cantidad de personas que fuman ha disminuido,,
small,038012,2A,038012_EIT-2A.mp3,25,Después de llegar a casa del trabajo tomé la cena,,
small,038012,2A,038012_EIT-2A.mp3,26,El ladrón al que atrapó la policía era famoso,,
small,038012,2A,038012_EIT-2A.mp3,27,Le pedí a un amigo que me ayudara con la tarea,,
small,038012,2A,038012_EIT-2A.mp3,28,El examen no fue tan difícil como me habían dicho,,
small,038012,2A,038012_EIT-2A.mp3,29,¿Serías tan amable de darme el libro que está en la mesa?,,
small,038012,2A,038012_EIT-2A.mp3,30,Hay mucha gente que no toma nada para el desayuno,,
small,038015,1A,038015_EIT-1A.mp3,1,Quiero cortarme el pelo,El libro está en la mesa.,El libro está en la mesa
small,038015,1A,038015_EIT-1A.mp3,2,El libro está en la mesa,El carro no tiene pelo.,El carro no tiene pelo
small,038015,1A,038015_EIT-1A.mp3,3,El carro lo tiene Pedro,El seducha cada mañana.,El seducha cada mañana
small,038015,1A,038015_EIT-1A.mp3,4,El se ducha cada mañana,¿Qué dice usted es que va a ser arrojado?,¿Qué dice usted es que va a ser arrojado?
small,038015,1A,038015_EIT-1A.mp3,5,¿Qué dice usted que va a hacer hoy?,Tuvo que se permanejar bien.,Tuvo que se permanejar bien
small,038015,1A,038015_EIT-1A.mp3,6,Dudo que sepa manejar muy bien,Las calles de esta ciudad son muy anches.,Las calles de esta ciudad son muy anches
small,038015,1A,038015_EIT-1A.mp3,7,Las calles de esta ciudad son muy anchas,Puede que lleva mañana todo el día.,Puede que lleva mañana todo el día
small,038015,1A,038015_EIT-1A.mp3,8,Puede que llueva mañana todo el día,Las casas son muy bonitos pero caras.,Las casas son muy bonitos pero caras
small,038015,1A,038015_EIT-1A.mp3,9,Las casas son muy bonitas pero caras,Me gustan las películas que acaban bien.,Me gustan las películas que acaban bien
small,038015,1A,038015_EIT-1A.mp3,10,Me gustan las películas que acaban bien,El chico con esto algo es español.,El chico con esto algo es español
small,038015,1A,038015_EIT-1A.mp3,11,El chico con el que yo salgo es español,Después de cenar me fui a dormir tranquilo.,Después de cenar me fui a dormir tranquilo
small,038015,1A,038015_EIT-1A.mp3,12,Después de cenar me fui a dormir tranquilo,Quiero una casa en Cali vivan mis animales.,Quiero una casa en Cali vivan mis animales
small,038015,1A,038015_EIT-1A.mp3,13,Quiero una casa en la que vivan mis animales,A nosotros nos fascinan las fiestas grandes.,A nosotros nos fascinan las fiestas grandes
small,038015,1A,038015_EIT-1A.mp3,14,A nosotros nos fascinan las fiestas grandiosas,Ella solo bebe cerveza y come nada.,Ella solo bebe cerveza y come nada
small,038015,1A,038015_EIT-1A.mp3,15,Ella sólo bebe cerveza y no come nada,Me gustaría las precios cajas.,Me gustaría las precios cajas
small,038015,1A,038015_EIT-1A.mp3,16,Me gustaría que el precio de las casas bajara,cruza a la derecha y sigue el toro resto.,Cruza a la derecha y sigue el toro resto
small,038015,1A,038015_EIT-1A.mp3,17,Cruza a la derecha y después sigue todo recto,ello ha terminado a suspentar su apartamento,Ello ha terminado a suspentar su apartamento
small,038015,1A,038015_EIT-1A.mp3,18,Ella ha terminado de pintar su apartamento,Me gustaría hacer más calor pronto.,Me gustaría hacer más calor pronto
small,038015,1A,038015_EIT-1A.mp3,19,Me gustaría que empezara a hacer más calor pronto,El niño que se murió del gato y está triste.,El niño que se murió del gato y está triste
small,038015,1A,038015_EIT-1A.mp3,20,El niño al que se le murió el gato está triste,un amigo me cuidó a los niños,Un amigo me cuidó a los niños
small,038015,1A,038015_EIT-1A.mp3,21,Una amiga mía cuida a los niños de mi vecino,El gato negro fue perseguido por el perro.,El gato negro fue perseguido por el perro
small,038015,1A,038015_EIT-1A.mp3,22,El gato que era negro fue perseguido por el perro,"Antes de tener salir, limpiar el cuarto.","Antes de tener salir, limpiar el cuarto"
small,038015,1A,038015_EIT-1A.mp3,23,Antes de poder salir él tiene que limpiar su cuarto,"La cantidad de personas que fuman es... Después de llegar a la casa, después del trabajo, come la cena.","La cantidad de personas que fuman es... Después de llegar a la casa, después del trabajo, come la cena"
small,038015,1A,038015_EIT-1A.mp3,24,La cantidad de personas que fuman ha disminuido,El otro que atrapó con la publicidad era famosa.,El otro que atrapó con la publicidad era famosa
small,038015,1A,038015_EIT-1A.mp3,25,Después de llegar a casa del trabajo tomé la cena,le pedí a un amigo que me ayudó en la tarea.,Le pedí a un amigo que me ayudó en la tarea
small,038015,1A,038015_EIT-1A.mp3,26,El ladrón al que atrapó la policía era famoso,El prueba no fue difícil mejor dicho.,El prueba no fue difícil mejor dicho
small,038015,1A,038015_EIT-1A.mp3,27,Le pedí a un amigo que me ayudara con la tarea,Serías tan amables puede darme el libro en el mesa.,Serías tan amables puede darme el libro en el mesa
small,038015,1A,038015_EIT-1A.mp3,28,El examen no fue tan difícil como me habían dicho,Hay mucha gente que no toma nada para el desayuno.,Hay mucha gente que no toma nada para el desayuno
small,038015,1A,038015_EIT-1A.mp3,29,¿Serías tan amable de darme el libro que está en la mesa?,,
small,038015,1A,038015_EIT-1A.mp3,30,Hay mucha gente que no toma nada para el desayuno,,
medium,038010,2A,038010_EIT-2A.mp3,1,Quiero cortarme el pelo,Quiero cortarme el pelo.,Quiero cortarme el pelo
medium,038010,2A,038010_EIT-2A.mp3,2,El libro está en la mesa,El libro está en la mesa. El carro lo tiene pelo. El se ducha cada mañana. El se ducha cada mañana.,El libro está en la mesa. El carro lo tiene pelo. El se ducha cada mañana. El se ducha cada mañana
medium,038010,2A,038010_EIT-2A.mp3,3,El carro lo tiene Pedro,¿Qué dice usted que va a hacer hoy? ¿Qué dice usted que va a hacer hoy? Dudo que sepa manejar muy bien.,¿Qué dice usted que va a hacer hoy? ¿Qué dice usted que va a hacer hoy? Dudo que sepa manejar muy bien
medium,038010,2A,038010_EIT-2A.mp3,4,El se ducha cada mañana,Dudo que sepa manejar muy bien. Las calles de esta ciudad son muy anchas. Las calles de esta ciudad son muy anchas.,Dudo que sepa manejar muy bien. Las calles de esta ciudad son muy anchas. Las calles de esta ciudad son muy anchas
medium,038010,2A,038010_EIT-2A.mp3,5,¿Qué dice usted que va a hacer hoy?,Puede que llueva mañana todo el día.,Puede que llueva mañana todo el día
medium,038010,2A,038010_EIT-2A.mp3,6,Dudo que sepa manejar muy bien,Puede que llueva mañana todo el día. el día. Las casas son muy bonitas pero caras. Me gustan las películas que acaban bien.,Puede que llueva mañana todo el día. el día. Las casas son muy bonitas pero caras. Me gustan las películas que acaban bien
medium,038010,2A,038010_EIT-2A.mp3,7,Las calles de esta ciudad son muy anchas,El chico con el que yo salgo es español.,El chico con el que yo salgo es español
medium,038010,2A,038010_EIT-2A.mp3,8,Puede que llueva mañana todo el día,El chico que hago es español.,El chico que hago es español
medium,038010,2A,038010_EIT-2A.mp3,9,Las casas son muy bonitas pero caras,"Después de cenar, me fui a dormir tranquilo.","Después de cenar, me fui a dormir tranquilo"
medium,038010,2A,038010_EIT-2A.mp3,10,Me gustan las películas que acaban bien,Quiero una casa en la que vivan animales. Quiero una casa en la que vivan animales.,Quiero una casa en la que vivan animales. Quiero una casa en la que vivan animales
medium,038010,2A,038010_EIT-2A.mp3,11,El chico con el que yo salgo es español,A nosotros nos fascinan las fiestas grandiosas.,A nosotros nos fascinan las fiestas grandiosas
medium,038010,2A,038010_EIT-2A.mp3,12,Después de cenar me fui a dormir tranquilo,A nosotros...,A nosotros
medium,038010,2A,038010_EIT-2A.mp3,13,Quiero una casa en la que vivan mis animales,Ella solo bebe cerveza y no come nada.,Ella solo bebe cerveza y no come nada
medium,038010,2A,038010_EIT-2A.mp3,14,A nosotros nos fascinan las fiestas grandiosas,Me gustaría que el precio de las casas fuera nada.,Me gustaría que el precio de las casas fuera nada
medium,038010,2A,038010_EIT-2A.mp3,15,Ella sólo bebe cerveza y no come nada,Me gustaría...,Me gustaría
medium,038010,2A,038010_EIT-2A.mp3,16,Me gustaría que el precio de las casas bajara,Cursa a la derecha y después sigue todo recto.,Cursa a la derecha y después sigue todo recto
medium,038010,2A,038010_EIT-2A.mp3,17,Cruza a la derecha y después sigue todo recto,Ella ha terminado de pintar su apartamento.,Ella ha terminado de pintar su apartamento
medium,038010,2A,038010_EIT-2A.mp3,18,Ella ha terminado de pintar su apartamento,Ella terminar pinta su apartamento.,Ella terminar pinta su apartamento
medium,038010,2A,038010_EIT-2A.mp3,19,Me gustaría que empezara a hacer más calor pronto,Me gustaría que empezara a hacer más calor pronto.,Me gustaría que empezara a hacer más calor pronto
medium,038010,2A,038010_EIT-2A.mp3,20,El niño al que se le murió el gato está triste,"El niño al que se le murió el gato está triste. El niño a que se murió el gato, triste. Una amiga mía cuidó a los niños de mi vecino. Una amiga mía cuidó a los niños.","El niño al que se le murió el gato está triste. El niño a que se murió el gato, triste. Una amiga mía cuidó a los niños de mi vecino. Una amiga mía cuidó a los niños"
medium,038010,2A,038010_EIT-2A.mp3,21,Una amiga mía cuida a los niños de mi vecino,El gato que era negro.,El gato que era negro
medium,038010,2A,038010_EIT-2A.mp3,22,El gato que era negro fue perseguido por el perro,Antes de poder salir tiene que limpiar su cuarto.,Antes de poder salir tiene que limpiar su cuarto
medium,038010,2A,038010_EIT-2A.mp3,23,Antes de poder salir él tiene que limpiar su cuarto,La cantidad de personas que fuman ha disminuido. La cantidad de personas que fuman.,La cantidad de personas que fuman ha disminuido. La cantidad de personas que fuman
medium,038010,2A,038010_EIT-2A.mp3,24,La cantidad de personas que fuman ha disminuido,"Después de llegar a casa, el trabajo se tomó de la sed. Después de llegar a casa.","Después de llegar a casa, el trabajo se tomó de la sed. Después de llegar a casa"
medium,038010,2A,038010_EIT-2A.mp3,25,Después de llegar a casa del trabajo tomé la cena,El ladrón policía era famoso.,El ladrón policía era famoso
medium,038010,2A,038010_EIT-2A.mp3,26,El ladrón al que atrapó la policía era famoso,Le pedí a un amigo que ayude a la tarea.,Le pedí a un amigo que ayude a la tarea
medium,038010,2A,038010_EIT-2A.mp3,27,Le pedí a un amigo que me ayudara con la tarea,El examen no fue tan difícil como me habían dicho.,El examen no fue tan difícil como me habían dicho
medium,038010,2A,038010_EIT-2A.mp3,28,El examen no fue tan difícil como me habían dicho,¿El examen no tan difícil?,¿El examen no tan difícil?
medium,038010,2A,038010_EIT-2A.mp3,29,¿Serías tan amable de darme el libro que está en la mesa?,"Sí, es tan amable de darme el libro que está en la mesa.","Sí, es tan amable de darme el libro que está en la mesa"
medium,038010,2A,038010_EIT-2A.mp3,30,Hay mucha gente que no toma nada para el desayuno,Hay mucha gente que no toma nada para el desayuno.,Hay mucha gente que no toma nada para el desayuno
medium,038011,1A,038011_EIT-1A.mp3,1,Quiero cortarme el pelo,Quiero cortarme el pelo.,Quiero cortarme el pelo
medium,038011,1A,038011_EIT-1A.mp3,2,El libro está en la mesa,El libro está en la mesa.,El libro está en la mesa
medium,038011,1A,038011_EIT-1A.mp3,3,El carro lo tiene Pedro,El carro no tiene pelo.,El carro no tiene pelo
medium,038011,1A,038011_EIT-1A.mp3,4,El se ducha cada mañana,El se ducha cada mañana.,El se ducha cada mañana
medium,038011,1A,038011_EIT-1A.mp3,5,¿Qué dice usted que va a hacer hoy?,¿Qué dice usted que va a hacer hoy?,¿Qué dice usted que va a hacer hoy?
medium,038011,1A,038011_EIT-1A.mp3,6,Dudo que sepa manejar muy bien,Tuvo que se manejar bien.,Tuvo que se manejar bien
medium,038011,1A,038011_EIT-1A.mp3,7,Las calles de esta ciudad son muy anchas,Las calles de esta ciudad son muy anchas.,Las calles de esta ciudad son muy anchas
medium,038011,1A,038011_EIT-1A.mp3,8,Puede que llueva mañana todo el día,Las calles en salida muchas años. Puede que lleva mañana todo el día. Puede que lleva mañana todo el día.,Las calles en salida muchas años. Puede que lleva mañana todo el día. Puede que lleva mañana todo el día
medium,038011,1A,038011_EIT-1A.mp3,9,Las casas son muy bonitas pero caras,Las casas son muy bonitas pero caras. Las casas son muy bonitas pero caras.,Las casas son muy bonitas pero caras. Las casas son muy bonitas pero caras
medium,038011,1A,038011_EIT-1A.mp3,10,Me gustan las películas que acaban bien,Me gusta las películas que acaban bien.,Me gusta las películas que acaban bien
medium,038011,1A,038011_EIT-1A.mp3,11,El chico con el que yo salgo es español,El chico con el que yo salgo es español.,El chico con el que yo salgo es español
medium,038011,1A,038011_EIT-1A.mp3,12,Después de cenar me fui a dormir tranquilo,Después de cenar voy a dormir tranquilo.,Después de cenar voy a dormir tranquilo
medium,038011,1A,038011_EIT-1A.mp3,13,Quiero una casa en la que vivan mis animales,"Después de cenar, me fui a poner tranquilo.","Después de cenar, me fui a poner tranquilo"
medium,038011,1A,038011_EIT-1A.mp3,14,A nosotros nos fascinan las fiestas grandiosas,Quiero una casa que viven a mis animales.,Quiero una casa que viven a mis animales
medium,038011,1A,038011_EIT-1A.mp3,15,Ella sólo bebe cerveza y no come nada,A nosotros que los vistas.,A nosotros que los vistas
medium,038011,1A,038011_EIT-1A.mp3,16,Me gustaría que el precio de las casas bajara,Ella solo bebe cerveza y no come nada. Ella solo bebe cerveza y no come nada.,Ella solo bebe cerveza y no come nada. Ella solo bebe cerveza y no come nada
medium,038011,1A,038011_EIT-1A.mp3,17,Cruza a la derecha y después sigue todo recto,Me gustaría que el precio de las casas bajara mucho. Me gustaría los precios de la caras palada.,Me gustaría que el precio de las casas bajara mucho. Me gustaría los precios de la caras palada
medium,038011,1A,038011_EIT-1A.mp3,18,Ella ha terminado de pintar su apartamento,Cruza a la derecha y después sigue todo recto.,Cruza a la derecha y después sigue todo recto
medium,038011,1A,038011_EIT-1A.mp3,19,Me gustaría que empezara a hacer más calor pronto,Cruza a la derecha y siga derecho. Ella ha terminado de pintar su apartamento.,Cruza a la derecha y siga derecho. Ella ha terminado de pintar su apartamento
medium,038011,1A,038011_EIT-1A.mp3,20,El niño al que se le murió el gato está triste,Ella ha terminado los apartamientos.,Ella ha terminado los apartamientos
medium,038011,1A,038011_EIT-1A.mp3,21,Una amiga mía cuida a los niños de mi vecino,Me gustaría que empezara a hacer más calor pronto.,Me gustaría que empezara a hacer más calor pronto
medium,038011,1A,038011_EIT-1A.mp3,22,El gato que era negro fue perseguido por el perro,Me gustaría las hacer pronto.,Me gustaría las hacer pronto
medium,038011,1A,038011_EIT-1A.mp3,23,Antes de poder salir él tiene que limpiar su cuarto,El niño que se murió al gato está triste.,El niño que se murió al gato está triste
medium,038011,1A,038011_EIT-1A.mp3,24,La cantidad de personas que fuman ha disminuido,Una amiga bien cuidar a los niños a mi vecino.,Una amiga bien cuidar a los niños a mi vecino
medium,038011,1A,038011_EIT-1A.mp3,25,Después de llegar a casa del trabajo tomé la cena,"El gato era negro y el perro. Antes de que salí, ¿puedo salir de mi cuarto? La cantidad de personas que fuman ha disminuido. La cantidad de las personas fuman que me saldio.","El gato era negro y el perro. Antes de que salí, ¿puedo salir de mi cuarto? La cantidad de personas que fuman ha disminuido. La cantidad de las personas fuman que me saldio"
medium,038011,1A,038011_EIT-1A.mp3,26,El ladrón al que atrapó la policía era famoso,"Después de llegar a la casa, fui a la cena.","Después de llegar a la casa, fui a la cena"
medium,038011,1A,038011_EIT-1A.mp3,27,Le pedí a un amigo que me ayudara con la tarea,Perdón a la policía. Eran famosos.,Perdón a la policía. Eran famosos
medium,038011,1A,038011_EIT-1A.mp3,28,El examen no fue tan difícil como me habían dicho,Le pedí a un amigo que ayudara con mi tarea. El examen no fue tan difícil como me lo habían dicho. El examen no fue... Sería tan amable de darme el libro que está en la mesa de mi Puebla.,Le pedí a un amigo que ayudara con mi tarea. El examen no fue tan difícil como me lo habían dicho. El examen no fue... Sería tan amable de darme el libro que está en la mesa de mi Puebla
medium,038011,1A,038011_EIT-1A.mp3,29,¿Serías tan amable de darme el libro que está en la mesa?,¿Sería tan amable que lo están...,¿Sería tan amable que lo están
medium,038011,1A,038011_EIT-1A.mp3,30,Hay mucha gente que no toma nada para el desayuno,Hay mucha gente que no toma nada para el desayuno. Hay mucha gente que no tomará el desayuno.,Hay mucha gente que no toma nada para el desayuno. Hay mucha gente que no tomará el desayuno
medium,038012,2A,038012_EIT-2A.mp3,1,Quiero cortarme el pelo,Quiero cortar el pelo.,Quiero cortar el pelo
medium,038012,2A,038012_EIT-2A.mp3,2,El libro está en la mesa,El libro está a la mesa. El libro está a la mesa.,El libro está a la mesa. El libro está a la mesa
medium,038012,2A,038012_EIT-2A.mp3,3,El carro lo tiene Pedro,El libro está a la mesa.,El libro está a la mesa
medium,038012,2A,038012_EIT-2A.mp3,4,El se ducha cada mañana,El carro lo tiene a pelo.,El carro lo tiene a pelo
medium,038012,2A,038012_EIT-2A.mp3,5,¿Qué dice usted que va a hacer hoy?,El seduce cada mañana. El seduce cada mañana.,El seduce cada mañana. El seduce cada mañana
medium,038012,2A,038012_EIT-2A.mp3,6,Dudo que sepa manejar muy bien,El seduce cada mañana. ¿Qué dice usted que va a hacer?,El seduce cada mañana. ¿Qué dice usted que va a hacer?
medium,038012,2A,038012_EIT-2A.mp3,7,Las calles de esta ciudad son muy anchas,Quiero saber qué pasa hoy.,Quiero saber qué pasa hoy
medium,038012,2A,038012_EIT-2A.mp3,8,Puede que llueva mañana todo el día,Yo también quiero saber.,Yo también quiero saber
medium,038012,2A,038012_EIT-2A.mp3,9,Las casas son muy bonitas pero caras,Las calles de...,Las calles de
medium,038012,2A,038012_EIT-2A.mp3,10,Me gustan las películas que acaban bien,Las calles de...,Las calles de
medium,038012,2A,038012_EIT-2A.mp3,11,El chico con el que yo salgo es español,Pueblo y se que ella calla.,Pueblo y se que ella calla
medium,038012,2A,038012_EIT-2A.mp3,12,Después de cenar me fui a dormir tranquilo,Las casas son bonitas pero caras.,Las casas son bonitas pero caras
medium,038012,2A,038012_EIT-2A.mp3,13,Quiero una casa en la que vivan mis animales,Me gustan las paléculas pegar bien. El chico es bonalio es español.,Me gustan las paléculas pegar bien. El chico es bonalio es español
medium,038012,2A,038012_EIT-2A.mp3,14,A nosotros nos fascinan las fiestas grandiosas,"Después de llegar, dormir, quiero la casa esta a mis animales.","Después de llegar, dormir, quiero la casa esta a mis animales"
medium,038012,2A,038012_EIT-2A.mp3,15,Ella sólo bebe cerveza y no come nada,A nosotros fascinabas a los nosotros.,A nosotros fascinabas a los nosotros
medium,038012,2A,038012_EIT-2A.mp3,16,Me gustaría que el precio de las casas bajara,Eres el conversino del obirrazo.,Eres el conversino del obirrazo
medium,038012,2A,038012_EIT-2A.mp3,17,Cruza a la derecha y después sigue todo recto,He terminado el espaciamiento.,He terminado el espaciamiento
medium,038012,2A,038012_EIT-2A.mp3,18,Ella ha terminado de pintar su apartamento,Me gustaría hacer pinatas esta... me gustaría pronto.,Me gustaría hacer pinatas esta... me gustaría pronto
medium,038012,2A,038012_EIT-2A.mp3,19,Me gustaría que empezara a hacer más calor pronto,"El niño, el niño Sirio Gatto es tan muy triste.","El niño, el niño Sirio Gatto es tan muy triste"
medium,038012,2A,038012_EIT-2A.mp3,20,El niño al que se le murió el gato está triste,Una amiga picado en mi vecino.,Una amiga picado en mi vecino
medium,038012,2A,038012_EIT-2A.mp3,21,Una amiga mía cuida a los niños de mi vecino,El gato sin la negra y el lapero.,El gato sin la negra y el lapero
medium,038012,2A,038012_EIT-2A.mp3,22,El gato que era negro fue perseguido por el perro,¿Qué es el limpiar tu cuarto?,¿Qué es el limpiar tu cuarto?
medium,038012,2A,038012_EIT-2A.mp3,23,Antes de poder salir él tiene que limpiar su cuarto,La cancion de la ley afortuna a las personas.,La cancion de la ley afortuna a las personas
medium,038012,2A,038012_EIT-2A.mp3,24,La cantidad de personas que fuman ha disminuido,"Después de llegar a mi casa, voy a la cena.","Después de llegar a mi casa, voy a la cena"
medium,038012,2A,038012_EIT-2A.mp3,25,Después de llegar a casa del trabajo tomé la cena,Policía era famoso.,Policía era famoso
medium,038012,2A,038012_EIT-2A.mp3,26,El ladrón al que atrapó la policía era famoso,Tarea es no difícil para la derecha.,Tarea es no difícil para la derecha
medium,038012,2A,038012_EIT-2A.mp3,27,Le pedí a un amigo que me ayudara con la tarea,¿Qué está en la mesa? Este libro está todo en la mesa.,¿Qué está en la mesa? Este libro está todo en la mesa
medium,038012,2A,038012_EIT-2A.mp3,28,El examen no fue tan difícil como me habían dicho,Másalnya...,Másalnya
medium,038012,2A,038012_EIT-2A.mp3,29,¿Serías tan amable de darme el libro que está en la mesa?,,
medium,038012,2A,038012_EIT-2A.mp3,30,Hay mucha gente que no toma nada para el desayuno,,
medium,038015,1A,038015_EIT-1A.mp3,1,Quiero cortarme el pelo,El libro está en la mesa.,El libro está en la mesa
medium,038015,1A,038015_EIT-1A.mp3,2,El libro está en la mesa,El carro no tiene pelo.,El carro no tiene pelo
medium,038015,1A,038015_EIT-1A.mp3,3,El carro lo tiene Pedro,El se ducha cada mañana.,El se ducha cada mañana
medium,038015,1A,038015_EIT-1A.mp3,4,El se ducha cada mañana,¿Qué dice usted que va a ser hoy?,¿Qué dice usted que va a ser hoy?
medium,038015,1A,038015_EIT-1A.mp3,5,¿Qué dice usted que va a hacer hoy?,¿Tuvo que sepa manejar bien?,¿Tuvo que sepa manejar bien?
medium,038015,1A,038015_EIT-1A.mp3,6,Dudo que sepa manejar muy bien,Las calles de esta ciudad son muy anchas.,Las calles de esta ciudad son muy anchas
medium,038015,1A,038015_EIT-1A.mp3,7,Las calles de esta ciudad son muy anchas,"Puede que lleve mañana todo el día. Las casas son muy bonitas, pero caras.","Puede que lleve mañana todo el día. Las casas son muy bonitas, pero caras"
medium,038015,1A,038015_EIT-1A.mp3,8,Puede que llueva mañana todo el día,Me gustan las películas que acaban bien.,Me gustan las películas que acaban bien
medium,038015,1A,038015_EIT-1A.mp3,9,Las casas son muy bonitas pero caras,El chico con esto algo es español.,El chico con esto algo es español
medium,038015,1A,038015_EIT-1A.mp3,10,Me gustan las películas que acaban bien,Después de cenar me fui a dormir tranquilo.,Después de cenar me fui a dormir tranquilo
medium,038015,1A,038015_EIT-1A.mp3,11,El chico con el que yo salgo es español,Quiero una casa en la que vivan mis animales.,Quiero una casa en la que vivan mis animales
medium,038015,1A,038015_EIT-1A.mp3,12,Después de cenar me fui a dormir tranquilo,A nosotros nos fascinan las fiestas grandes.,A nosotros nos fascinan las fiestas grandes
medium,038015,1A,038015_EIT-1A.mp3,13,Quiero una casa en la que vivan mis animales,Ella solo bebe cerveza y come nada.,Ella solo bebe cerveza y come nada
medium,038015,1A,038015_EIT-1A.mp3,14,A nosotros nos fascinan las fiestas grandiosas,Me gustaría las precios cajas.,Me gustaría las precios cajas
medium,038015,1A,038015_EIT-1A.mp3,15,Ella sólo bebe cerveza y no come nada,Cruza a la derecha y sigue el todo resto. Ella ha terminado de suspentar su apartamento.,Cruza a la derecha y sigue el todo resto. Ella ha terminado de suspentar su apartamento
medium,038015,1A,038015_EIT-1A.mp3,16,Me gustaría que el precio de las casas bajara,Me gustaría hacer más calor pronto.,Me gustaría hacer más calor pronto
medium,038015,1A,038015_EIT-1A.mp3,17,Cruza a la derecha y después sigue todo recto,El niño que se murió al gato y está triste.,El niño que se murió al gato y está triste
medium,038015,1A,038015_EIT-1A.mp3,18,Ella ha terminado de pintar su apartamento,Un amigo me cuidó a los niños.,Un amigo me cuidó a los niños
medium,038015,1A,038015_EIT-1A.mp3,19,Me gustaría que empezara a hacer más calor pronto,"El gato negro fuera perseguido por el perro. La persona que era el que fumó, por suerte, era una persona.","El gato negro fuera perseguido por el perro. La persona que era el que fumó, por suerte, era una persona"
medium,038015,1A,038015_EIT-1A.mp3,20,El niño al que se le murió el gato está triste,"Antes de salir, tiene que limpiar el cuarto.","Antes de salir, tiene que limpiar el cuarto"
medium,038015,1A,038015_EIT-1A.mp3,21,Una amiga mía cuida a los niños de mi vecino,"De ahí, tiene una persona que suelta con una pereza.","De ahí, tiene una persona que suelta con una pereza"
medium,038015,1A,038015_EIT-1A.mp3,22,El gato que era negro fue perseguido por el perro,"La cantidad de personas que fuman es... Después de llegar a la casa, después del trabajo, come la cena.","La cantidad de personas que fuman es... Después de llegar a la casa, después del trabajo, come la cena"
medium,038015,1A,038015_EIT-1A.mp3,23,Antes de poder salir él tiene que limpiar su cuarto,El ladrón que atrapó con la policía era famosa.,El ladrón que atrapó con la policía era famosa
medium,038015,1A,038015_EIT-1A.mp3,24,La cantidad de personas que fuman ha disminuido,Le pedí a un amigo que me ayudara en la tarea.,Le pedí a un amigo que me ayudara en la tarea
medium,038015,1A,038015_EIT-1A.mp3,25,Después de llegar a casa del trabajo tomé la cena,El pruebo no fue difícil me han dicho.,El pruebo no fue difícil me han dicho
medium,038015,1A,038015_EIT-1A.mp3,26,El ladrón al que atrapó la policía era famoso,Sería tan amable si me diera el libro en la mesa.,Sería tan amable si me diera el libro en la mesa
medium,038015,1A,038015_EIT-1A.mp3,27,Le pedí a un amigo que me ayudara con la tarea,Hay mucha gente que no toma nada para el desayuno.,Hay mucha gente que no toma nada para el desayuno
medium,038015,1A,038015_EIT-1A.mp3,28,El examen no fue tan difícil como me habían dicho,,
medium,038015,1A,038015_EIT-1A.mp3,29,¿Serías tan amable de darme el libro que está en la mesa?,,
medium,038015,1A,038015_EIT-1A.mp3,30,Hay mucha gente que no toma nada para el desayuno,,
